Address,Name Tag
0xbe0eb53f46cd790cd13851d5eff43d12404d33e8,Binance
0xf977814e90da44bfa03b6295a0616a897441acec,Binance
0x47ac0fb4f2d84898e4d9e7b4dab3c24507a6d503,Binance
0x28c6c06298d514db089934071355e5743bf21d60,Binance
0x06a0048079ec6571cd1b537418869cde6191d42d,Binance
0x56eddb7aa87536c09ccc2793473599fd21a8b17f,Binance
0x4976a4a02f38326660d17bf34b431dc6e2eb2327,Binance
0x21a31ee1afc51d94c2efccaa2092ad1028285549,Binance
0xdfd5293d8e347dfe59e90efd55b2956a1343963d,Binance
0x9696f59e4d72e237be84ffd425dcad154bf96976,Binance
0x5a52e96bacdabb82fd05763e25335261b270efcb,Binance
0x4d9ff50ef4da947364bb9650892b2554e7be5e2b,Binance
0x8b99f3660622e21f2910ecca7fbe51d654a1517d,Binance
0xb8c77482e45f1f44de1745f52c74426c631bdd52,Binance
0x564286362092d8e7936f0549571a803b203aaced,Binance
0x8894e0a0c962cb723c1976a4421c95949be2d4e3,Binance
0x708396f17127c42383e3b9014072679b2f60b82f,Binance
0x8f22f2063d253846b53609231ed80fa571bc0c8f,Binance
0x3f5ce5fbfe3e9af3971dd833d26ba9b5c936f0be,Binance
0x001866ae5b3de6caa5a51543fd9fb64f524f5478,Binance
0x4e9ce36e442e55ecd9025b9a6e0d88485d628a67,Binance
0xa344c7ada83113b3b56941f6e85bf2eb425949f3,Binance
0x8f12f14a09d80051de4315808df57af19d80cad4,Binance
0xfe9e8709d3215310075d67e3ed32a380ccf451c8,Binance
0x0681d8db095565fe8a346fa0277bffde9c0edbbf,Binance
0xe0f0cfde7ee664943906f17f7f14342e76a5cec7,Binance
0x0a367f918340d47d36b21c93e9a2b6853cc9d6f0,Binance
0x328366da5a4c5f669172a716955e3adf93a26705,Binance
0x6aa8f871908f0a2a9aefb4786b344707cb5d7e26,Binance
0xc3c8e0a39769e2308869f7461364ca48155d1d9e,Binance
0x742d35cc6634c0532925a3b844bc454e4438f44e,Bitfinex
0xc61b9bb3a7a0767e3179713f3a5c7a9aedce193c,Bitfinex
0x5a710a3cdf2af218740384c52a10852d8870626a,Bitfinex
0x4fdd5eb2fb260149a3903859043e962ab89d8ed4,Bitfinex
0x28140cb1ac771d4add91ee23788e50249c10263d,Bitfinex
0xc56fefd1028b0534bfadcdb580d3519b5586246e,Bitfinex
0x1b8766d041567eed306940c587e21c06ab968663,Bitfinex
0x0b73f67a49273fc4b9a65dbd25d7d0918e734e63,Bitfinex
0x53b36141490c419fa27ecabfeb8be1ecadc82431,Bitfinex
0x0cd76cd43992c665fdc2d8ac91b935ca3165e782,Bitfinex
0x77134cbc06cb00b66f4c7e623d5fdbf6777635ec,Bitfinex
0x1151314c646ce4e0efd76d1af4760ae66a9fe30f,Bitfinex
0x876eabf441b2ee5b5b0554fd502a8e0600950cfa,Bitfinex
0x5754284f345afc66a98fbb0a0afe71e0f007b949,Bitfinex
0x87a32492da96069115a12e27ff5e378f03a8edf7,Bitfinex
0xc6cde7c39eb2f0f0095f41570af89efc2c1ea828,Bitfinex
0xdcd0272462140d0a3ced6c4bf970c7641f08cd2c,Bitfinex
0x36a85757645e8e8aec062a1dee289c7d615901ca,Bitfinex
0x7727e5113d1d161373623e5f49fd568b4f543a9e,Bitfinex
xc61b9bb3a7a0767e3179713f3a5c7a9aedce193c,Bitfinex
0x539c92186f7c6cc4cbf443f26ef84c595babbca1,OKX(OKEx)
0x868dab0b8e21ec0a48b726a1ccf25826c78c6d7f,OKX(OKEx)
0xbfbbfaccd1126a11b8f84c60b09859f80f3bd10f,OKX(OKEx)
0x98ec059dc3adfbdd63429454aeb0c990fba4a128,OKX(OKEx)
0xa7efae728d2936e78bda97dc267687568dd593f3,OKX(OKEx)
0x2c8fbb630289363ac80705a1a61273f76fd5a161,OKX(OKEx)
0x313eb1c5e1970eb5ceef6aebad66b07c7338d369,OKX(OKEx)
0x9723b6d608d4841eb4ab131687a5d4764eb30138,OKX(OKEx)
0x96fdc631f02207b72e5804428dee274cf2ac0bcd,OKX(OKEx)
0x06d3a30cbb00660b85a30988d197b1c282c6dcb6,OKX(OKEx)
0x276cdba3a39abf9cedba0f1948312c0681e6d5fd,OKX(OKEx)
0xbda23b750dd04f792ad365b5f2a6f1d8593796f2,OKX(OKEx)
0x6cc5f688a315f3dc28a7781717a9a798a59fda7b,OKX(OKEx)
0x3d55ccb2a943d88d39dd2e62daf767c69fd0179f,OKX(OKEx)
0x7eb6c83ab7d8d9b8618c0ed973cbef71d1921ef2,OKX(OKEx)
0x68841a1806ff291314946eebd0cda8b348e73d6d,OKX(OKEx)
0x5041ed759dd4afc3a72b8192c143f72f4724081a,OKX(OKEx)
0x07cff3c78dc9bd2378b89b92f01254703861c2e4,OKX(OKEx)
0xbf94f0ac752c739f623c463b5210a7fb2cbb420b,OKX(OKEx)
0x236f9f97e0e62388479bf9e5ba4889e46b0273c3,OKX(OKEx)
0xf7858da8a6617f7c6d0ff2bcafdb6d2eedf64840,OKX(OKEx)
0x59fae149a8f8ec74d5bc038f8b76d25b136b9573,OKX(OKEx)
0xe95f6604a591f6ba33accb43a8a885c9c272108c,OKX(OKEx)
0xc3ae71fe59f5133ba180cbbd76536a70dec23d40,OKX(OKEx)
0x65a0947ba5175359bb457d3b34491edf4cbf7997,OKX(OKEx)
0xcbffcb2c38ecd19468d366d392ac0c1dc7f04bb6,OKX(OKEx)
0xf59869753f41db720127ceb8dbb8afaf89030de4,OKX(OKEx)
0x6fb624b48d9299674022a23d92515e76ba880113,OKX(OKEx)
0xc5451b523d5fffe1351337a221688a62806ad91a,OKX(OKEx)
0xc708a1c712ba26dc618f972ad7a187f76c8596fd,OKX(OKEx)
0x61edcdf5bb737adffe5043706e7c5bb1f1a56eea,Gemini
0xd24400ae8bfebb18ca49be86258a3c749cf46853,Gemini
0x5f65f7b609678448494de4c87521cdf6cef1e932,Gemini
0x6fc82a5fe25a5cdb58bc74600a40a69c065263f8,Gemini
0xda9dfa130df4de4673b89022ee50ff26f6ea73cf,Kraken
0x267be1c1d684f78cb4f6a176c4911b741e4ffdc0,Kraken
0xe9f7ecae3a53d2a67105292894676b00d1fab785,Kraken
0x29728d0efd284d85187362faa2d4d76c2cfc2612,Kraken
0xae2d4617c862309a3d75a0ffb358c7a5009c673f,Kraken
0x66c57bf505a85a74609d2c83e94aabb26d691e1f,Kraken
0xc6bed363b30df7f35b601a5547fe56cd31ec63da,Kraken
0x43984d578803891dfa9706bdeee6078d80cfc79e,Kraken
0x2910543af39aba0cd09dbb2d50200b3e800a63d2,Kraken
0x53d284357ec70ce289d6d64134dfac8e511c8a3d,Kraken
0x0a869d79a7052c7f1b55a8ebabbea3420f0d1e13,Kraken
0xe853c56864a2ebe4576a807d26fdc4a0ada51919,Kraken
0x7f4edda6c8646580e68b93041b5476348eef0406,Kraken
0xfa52274dd61e1643d2205169732f29114bc240b3,Kraken
0xf89d7b9c864f589bbf53a82105107622b35eaa40,Bybit
0xee5b5b923ffce93a870b3104b7ca09c3db80047a,Bybit
0xa7a93fd0a276fc1c0197a5b5623ed117786eed06,Bybit
0x1db92e2eebc8e0c075a02bea49a2935bcd2dfcf4,Bybit
0xc882b111a75c0c657fc507c04fbfcd2cc984f071,gate.io
0x1c4b70a3968436b9a0a9cf5205c787eb81bb558c,gate.io
0x0d0707963952f2fba59dd06f2b425ace40b492fe,gate.io
0xd793281182a0e3e023116004778f45c29fc14f19,gate.io
0x7793cd85c11a924478d358d49b05b37e91b5810f,gate.io
0x7049e4343ce902240caedfd093559250ff890cef,gate.io
0xe134a754345582b113962cfa51b0dc036a1b04c5,gate.io
0xfeafae14aded9279afda58c4a3ac42fe7195e57f,gate.io
0xdb13fea8afd91f66bb99595aa2801599da1aed3f,gate.io
0x9ed8b706c99e6ebd80824130ed935f9b5d78f4e3,gate.io
0xe35973b0c5c831a7423342dbaebf555946fded4c,gate.io
0x5d8f42503ea6e7807daf04047aa749e43847be09,gate.io
0xff5566497750058c1b9a35229ab7ca8f50811912,gate.io
0x020142acd7f25281c0c5e0e90b6cce6ddaea3cd8,gate.io
0x249c4677896d969e2fec3ad2c405fb4be3bad4d2,gate.io
0xeb1d60a831a9b689a67f314afbf0d7f9e6ac911d,gate.io
0xe7872ffeddac12fb4b8579fbf390553415a99028,gate.io
0x127481c5ce4f9bb7cbdb6f8681ef27b21e953bd1,gate.io
0x1dbf7a573e5ff8e40e477510a7c43f633b0bee79,gate.io
0x6df6d4610e12fd9033f8c8329f443f201bd36ae1,gate.io
0x4add38ee5bf1e232707c543c880f34c61c158ea9,gate.io
0xc9b8ded010ddb547e334410fc04bb82420eaff06,gate.io
0xcffad3200574698b78f32232aa9d63eabd290703,Crypto.com Exchange
0x46340b20830761efd32832a74d7169b29feb9758,Crypto.com Exchange
0x6262998ced04146fa42253a5c0af90ca02dfd2a3,Crypto.com Exchange
0x7758e507850da48cd47df1fb5f875c23e3340c50,Crypto.com Exchange
0x72a53cdbbcc1b9efa39c834a540550e23463aacb,Crypto.com Exchange
0x55c005713bab8824efd9f5b41c55f8bbc815abcd,Crypto.com Exchange
0xa8e330039b67be5573afb388dc35214481c5cf81,Crypto.com Exchange
0xd6216fc19db775df9774a6e33526131da7d19a2c,KuCoin
0xb8e6d31e7b212b2b7250ee9c26c56cebbfbe6b23,KuCoin
0xf16e9b0d03470827a95cdfd0cb8a8a3b46969b91,KuCoin
0x738cf6903e6c4e699d1c2dd9ab8b67fcdb3121ea,KuCoin
0xcad621da75a66c7a8f4ff86d30a2bf981bfc8fdd,KuCoin
0xd89350284c7732163765b23338f2ff27449e0bf5,KuCoin
0xff651ead42b8eea0b9cb88edc92704ef6af372ce,KuCoin
0x899b5d52671830f567bf43a14684eb14e1f945fe,KuCoin
0xa1d8d972560c2f8144af871db508f0b0b10a3fbf,KuCoin
0x2b5634c42055806a59e9107ed44d43c426e58258,KuCoin
0x14ea40648fc8c1781d19363f5b9cc9a877ac2469,KuCoin
0x689c56aef474df92d44a1b70850f808488f9769c,KuCoin
0xec30d02f10353f8efc9601371f56e808751f396f,KuCoin
0x1692e170361cefd1eb7240ec13d048fd9af6d667,KuCoin
0x88bd4d3e2997371bceefe8d9386c6b5b4de60346,KuCoin
0x2a8c8b09bd77c13980495a959b26c1305166a57f,KuCoin
0x5db0e46744a321f7fe7e2e4a9ee0df2f5dd0c3e3,KuCoin
0xf43d7ebaad1efefb3e4df0c9d5766a112dce7dec,KuCoin
0x1e2fcfd26d36183f1a5d90f0e6296915b02bcb40,Coinone
0x167a9333bf582556f35bd4d16a7e80e191aa6476,Coinone
0x3cc936b795a188f0e246cbb2d74c5bd190aecf18,MEXC Global
0x75e89d5979e4f6fba9f97c104c2f0afb3f1dcb88,MEXC Global
0x0211f3cedbef3143223d3acf0e589747933e8527,MEXC Global
0xe70cde2c091569a09e7c1e335e20af302ab41339,MEXC Global
0x0162cd2ba40e23378bf0fd41f919e1be075f025f,MEXC Global
0x111cff45948819988857bbf1966a0399e0d1141e,bitFlyer
0xb5d85cbf7cb3ee0d56b3bb207d5fc4b82f43f511,Coinbase
0xa9d1e08c7793af67e9d92fe308d5697fb81d3e43,Coinbase
0x3cd751e6b0078be393132286c442345e5dc49699,Coinbase
0xeb2629a2734e272bcc07bda959863f316f4bd4cf,Coinbase
0xddfabcdc4d8ffc6d5beaf154f18b778f892a0740,Coinbase
0x71660c4005ba85c37ccec55d0c4493e66fe775d3,Coinbase
0x503828976d22510aad0201ac7ec88293211d23da,Coinbase
0xa090e606e30bd747d4e6245a1517ebe430f0057e,Coinbase
0x6b76f8b1e9e59913bfe758821887311ba1805cab,Coinbase
0xd688aea8f7d450909ade10c47faa95707b0682d9,Coinbase
0x02466e547bfdab679fc49e96bbfc62b9747d997c,Coinbase
0xd03be958e6b8da2d28ac8231a2291d6e4f0a7ea7,Korbit
0xf0bc8fddb1f358cef470d63f96ae65b1d7914953,Korbit
0x2864de013415b6c2c7a96333183b20f0f9cc7532,Korbit
0x0c01089aedc45ab0f43467cceca6b4d3e4170bea,Korbit
0xd6e0f7da4480b3ad7a2c8b31bc5a19325355ca15,Korbit
0x59fba2e8595841dd2627703f4bb535c3b40a12e0,Korbit
0x8550e644d74536f1df38b17d5f69aa1bfe28ae86,Korbit
0x49e14f2d6839768bcc39ef0f60809f00eabbac69,Korbit
0x51d9914cb7f0c7d03075280d8f57eb0be6ee457e,Korbit
0x58e2201d8e1668597a37f4d6e701ff642dc2fa6d,Korbit
0xe6ae903bf00691d5996faba0c2ee7e7422a48ffe,Korbit
0x50cbe3772513706cee11548a13a1890f0a2996a0,Korbit
0x954818ae7d93dd682bec7823ee3406e3b4133028,Korbit
0x1167ed55a3a37f072d59217493117b07972aad7f,Korbit
0x1e4b147d4da3fdb73acc8428ddea638088451cdc,Korbit
0xe5d7ccc5fc3b3216c4dff3a59442f1d83038468c,Korbit
0x42992d123b02d213f58ddb72572cf48607be6348,Korbit
0xb7580490a51d3f48d451ba5f2dd79a835d266015,Korbit
0x434742703055bd20f42142d9d70b0735a5eb1b14,BingX
0xa1195f0d9b010f86633e1553f1286d74f80ef52b,BingX
0x74e7fd0b532f88cf8cc50922f7a8f51e3f320fa7,BingX
0xad8e5ceb7d77e10403be8430717c515273c31b8d,BingX
0x474ac5cb62d7acedc9990d4daafa0c39d9478fbb,BingX
0xd3d3a295be556cf8cef2a7ff4cda23d22c4627e8,BingX
0x4c766def136f59f6494f0969b1355882080cf8e0,Bitstamp
0x1522900b6dafac587d499a862861c0869be6e428,Bitstamp
0x00bdb5699745f5b860228c8f939abf1b9ae374ed,Bitstamp
0xc5b611f502a0dcf6c3188fd494061ae29b2baa4f,Bitstamp
0x059799f2261d37b829c2850cee67b5b975432271,Bitstamp
0x9a9bed3eb03e386d66f8a29dc67dc29bbb1ccb72,Bitstamp
0xf5bec430576ff1b82e44ddb5a1c93f6f9d0884f3,YoBit
0xc4d300019f587145cfd9b42875073b3ad4bb0296,YoBit
0x416299aade6443e6f6e8ab67126e65a7f606eef5,Luno
0xf60c2ea62edbfe808163751dd0d8693dcb30019c,Binance.US
0x61189da79177950a7272c88c6058b96d4bcd6be2,Binance.US
0x34ea4138580435b5a521e460035edb19df1938c1,Binance.US
0xef58321032cf693fa7e39f31e45cbc32f2092cb3,HitBTC
0x1c11ba15939e1c16ec7ca1678df6160ea2063bc5,HitBTC
0xed0245c53f69ebccdab3e39cf0013161a67bf296,HitBTC
0xa12431d0b9db640034b0cdfceef9cce161e62be4,HitBTC
0x9c67e141c0472115aa1b98bd0088418be68fd249,HitBTC
0x59a5208b32e627891c389ebafc644145224006e8,HitBTC
0xb77bd9fc4830a801d42bcd3ffdf2f8c079ecbe28,HitBTC
0x2d969d1a10833f207fdc74381979baa249146df3,HitBTC
0xa30d8157911ef23c46c0eb71889efe6a648a41f7,BigONE
0x88e343f4599292c2cffe683c1bb93cd3480bdbab,BigONE
0xd4dcd2459bb78d7a645aa7e196857d421b10d93f,BigONE
0x17bc58b788808dab201a9a90817ff3c168bf3d61,BigONE
0x7b597942beb6e3eb3a63880e2377ca10e9e2e8f8,FameEX
0x3584a2412da15245cf197d6400db5337a70c57a8,FameEX
0x91dca37856240e5e1906222ec79278b16420dc92,Indodax
0x3c02290922a3618a4646e3bbca65853ea45fe7c6,Indodax
0x9cbadd5ce7e14742f70414a6dcbd4e7bb8712719,Indodax
0xeea81c4416d71cef071224611359f6f99a4c4294,BitMEX
0x6cc8dcbca746a6e4fdefb98e1d0df903b107fd21,Bitrue
0x878d587be19cd44c203ec5e90d9ca3724c4d2c3d,Bitrue
0xab83d182f3485cf1d6ccdd34c7cfef95b4c08da4,Binance JEX
0xf7d13c7dbec85ff86ee815f6dcbb3dedac78ca49,Phemex
0xe03c23519e18d64f144d2800e30e81b0065c48b5,Mercatox
0xc21a1d213f64fedea3415737cce2be37eb59be81,Fastex
0x85e1de87a7575c6581f7930f857a3813b66a14d8,Fastex
0x390de26d772d2e2005c6d1d24afc902bae37a4bb,Upbit
0xba826fec90cefdf6706858e5fbafcb27a290fbe0,Upbit
0x5e032243d507c743b061ef021e2ec7fcc6d3ab89,Upbit
0x03747f06215b44e498831da019b27f53e483599f,Upbit
0xceae7673553c90d0a3cd1a494da35ede63910cbf,CoinSwitch
0x3506a6ccc61d4d2046b79969020a5af79010b4a6,CoinSwitch
0x7d3f7a3842f18873c769a42f92f51f091954211c,CoinSwitch
0x250b05e1e0dd20a876e369a16441e714e3d9f436,CoinSwitch
0x294b9b133ca7bc8ed2cdd03ba661a4c6d3a834d9,CoinSwitch
0x252d1375ca8f8a4ca59f1e7635f8fd7c4a78031e,CoinSwitch
0x17a678c673fbb5b2f3294ef35e18c0ef8cc3e64f,CoinSwitch
0x4346910075e50a442931d698d41ebe6965a584b1,CoinSwitch
0x4cd3aa96836c133c9b9f27dafa7baf744d57404d,CoinSwitch
0x758e2c2d1a362e2b3e613545e48285b03581ef43,CoinSwitch
0xc0eb873cd81d47d290ff7b6ad49280f6fd9cfb2b,CoinSwitch
0xe627b3e5591a713e3c23af6fc4eba2f313fdf489,CoinSwitch
0xe6b936b7640afa9242d1a714e50ee823e1be140f,CoinSwitch
0x3fbe1f8fc5ddb27d428aa60f661eaaab0d2000ce,Bithumb
0x3052cd6bf951449a984fe4b5a38b46aef9455c8e,Bithumb
0x8fa8af91c675452200e49b4683a33ca2e1a34e42,Bithumb
0x2140efd7ba31169c69dfff6cdc66c542f0211825,Bithumb
0x558553d54183a8542f7832742e7b4ba9c33aa1e6,Bithumb
0x090ba5af8284ebe16fccfc6c0be8fbefcf23d365,Bithumb
0x15878e87c685f866edfaf454be6dc06fa517b35b,Bithumb
0x186549a4ae594fc1f70ba4cffdac714b405be3f9,Bithumb
0x31d03f07178bcd74f9099afebd23b0ae30184ab5,Bithumb
0x88d34944cf554e9cccf4a24292d891f620e9c94f,Bithumb
0xa0ff1e0f30b5dda2dc01e7e828290bc72b71e57d,Bithumb
0xc1da8f69e4881efe341600620268934ef01a3e63,Bithumb
0xd273bd546b11bd60214a2f9d71f22a088aafe31b,Bithumb
0xed48dc0628789c2956b1e41726d062a86ec45bff,Bithumb
0xd0a174b1ff551d63ed0823ae743bbe9bc204b0f0,Dex-Trade
0x72e5263ff33d2494692d7f94a758aa9f82062f73,ProBit Global
0xf71afe21cd32959113fc47ae2ef886b43a9413d5,ProBit Global
0x18709e89bd403f470088abdacebe86cc60dda12e,HTX
0xb6bc437708a398cda5627224bb8b88bcd1e88d8f,HTX
0xa929022c9107643515f5c777ce9a910f0d1e490c,HTX
0x229b5c097f9b35009ca1321ad2034d4b3d5070f6,HTX
0x0511509a39377f1c6c78db4330fbfcc16d8a602f,HTX
0x1205e4f0d2f02262e667fd72f95a68913b4f7462,HTX
0x0a98fb70939162725ae66e626fe4b52cff62c2e5,HTX
0x46705dfff24256421a05d056c29e81bdc09723b8,HTX
0x1062a747393198f70f71ec65a582423dba7e5ab3,HTX
0xab5c66752a9e8167967685f1450532fb96d5d24f,HTX
0x5c985e89dde482efe97ea9f1950ad149eb73829b,HTX
0x28ffe35688ffffd0659aee2e34778b0ae4e193ad,HTX
0xcac725bef4f114f728cbcfd744a731c2a463c3fc,HTX
0xadb2b42f6bd96f5c65920b9ac88619dce4166f94,HTX
0xfdb16996831753d5331ff813c29a93c76834a0ad,HTX
0xe93381fb4c4f14bda253907b18fad305d799241a,HTX
0xfa4b5be3f2f84f56703c42eb22142744e95a2c58,HTX
0xeee28d484628d41a82d01e21d12e2e78d69920da,HTX
0x30741289523c2e4d2a62c7d6722686d14e723851,HTX
0x6748f50f686bfbca6fe8ad62b22228b87f31ff2b,HTX
0x0c6c34cdd915845376fb5407e0895196c9dd4eec,HTX
0x1b93129f05cc2e840135aab154223c75097b69bf,HTX
0x956e0dbecc0e873d34a5e39b25f364b2ca036730,HTX
0x9a755332d874c893111207b0b220ce2615cd036f,HTX
0xc837f51a0efa33f8eca03570e3d01a4b2cf97ffd,HTX
0xe3314bbf3334228b257779e28228cfb86fa4261b,HTX
0xeb6d43fe241fb2320b5a3c9be9cdfd4dd8226451,HTX
0xf66852bc122fd40bfecc63cd48217e88bda12109,HTX
0xeec606a66edb6f497662ea31b5eb1610da87ab5f,HTX
0xf056f435ba0cc4fcd2f1b17e3766549ffc404b94,HTX
0xd7b9a9b2f665849c4071ad5af77d8c76aa30fb32,Exmo
0x0db79bbb99defc2356d82848a459a5a13869eb3f,Exmo
0x1fd6267f0d86f62d88172b998390afee2a1f54b6,Exmo
0xa910f92acdaf488fa6ef02174fb86208ad7722ba,Poloniex
0xb794f5ea0ba39494ce839613fffba74279579268,Poloniex
0x6f803466bcd17f44fa18975bf7c509ba64bf3825,Poloniex
0x48d466b7c0d32b61e8a82cd2bcf060f7c3f966df,Poloniex
0x65f9b2e4d7aaeb40ffea8c6f5844d5ad7da257e0,Poloniex
0xab11204cfeaccffa63c2d23aef2ea9accdb0a0d5,Poloniex
0x0536806df512d6cdde913cf95c9886f65b1d3462,Poloniex
0xfbf2173154f7625713be22e0504404ebfe021eae,Poloniex
0x36b01066b7fa4a0fdb2968ea0256c848e9135674,Poloniex
0x8d451ae5ee8f557a9ce7a9d7be8a8cb40002d5cb,Poloniex
0xead6be34ce315940264519f250d8160f369fa5cd,Poloniex
0x32be343b94f860124dc4fee278fdcbd38c102d88,Poloniex
0x6795cf8eb25585eadc356ae32ac6641016c550f2,Poloniex
0x31a2feb9b5d3b5f4e76c71d6c92fc46ebb3cb1c1,Poloniex
0xc0e30823e5e628df8bc9bf2636a347e1512f0ecb,Poloniex
0x209c4784ab1e8183cf58ca33cb740efbf3fc18ef,Poloniex
0x2fa2bc2ce6a4f92952921a4caa46b3727d24a1ec,Poloniex
0x6b71834d65c5c4d8ed158d54b47e6ea4ff4e5437,Poloniex
0xaa9fa73dfe17ecaa2c89b39f0bb2779613c5fc3b,Poloniex
0xbd2ec7c608a06fe975dbdca729e84dedb34ecc21,Poloniex
0xad840a2b569188d49245fcd7bde71167d77df6c0,JuCoin
0x09b1806df13062b5f653beda6998972cabcf7009,8V Global Exchange
0xf73c3c65bde10bf26c2e1763104e609a41702efe,Bibox
0x7891b20c690605f4e370d6944c8a5dbfac5a451c,LATOKEN
0x0861fca546225fbf8806986d211c8398f7457734,LATOKEN
0x1619d743d7dc612e99d5d94ebd6b9695d46f0bf3,BTSE
0xde279a5cd86860cd3d039aa1b74bc29e74cabb12,BTSE
0xbd8ef191caa1571e8ad4619ae894e07a75de0c35,Paribu
0x2bb97b6cf6ffe53576032c11711d59bd056830ee,Paribu
0x9ba3560231e3e0ad7dde23106f5b98c72e30b468,Bilaxy
0xf7793d27a1b76cdf14db7c83e82c772cf7c92910,Bilaxy
0xe79eef9b9388a4ff70ed7ec5bccd5b928ebb8bd1,BitMart
0x68b22215ff74e3606bd5e6c1de8c2d68180c85f7,BitMart
0x618ffd1cdabee36ce5992a857cc7463f21272bd7,WazirX
0x659ba341542ed9c25eca5fd7dae3659385956360,XT
0xe74638bff8e7e332c08c239407fa68324acf8dee,XT
0x2a1dcbdf3fc17c7263529aa7fb1f90e3d4624ed2,Klickl(IDCM)
0x2b2b0cf3d1bc4a776c512e7f374991fd9ca3eb34,Klickl(IDCM)
0xc5565200eb6a428451d53280b49c4488f74ac14d,Klickl(IDCM)
0x8b2b3d18230661157d399226686d91b2fc340a30,Klickl(IDCM)
0xa8b4e06fa1a93211422d0f4f12747a832dbbd286,Klickl(IDCM)
0xc86f08c4f6aec029ece7e56d1d302dfdcf2ec41d,Klickl(IDCM)
0x3613ef1125a078ef96ffc898c4ec28d73c5b8c52,Tidex
0x0a73573cf2903d2d8305b1ecb9e9730186a312ae,Tidex
0x0be1cef9d45f6621eb083f0a0e4b2261618938d8,Remitano
0x2819c144d5946404c0516b6f817a960db37d4929,Remitano
0xd0b02a49b0768302f407cb28d813dae1761baefa,Remitano
0xedbb72e6b3cf66a792bff7faac5ea769fe810517,Liquid
0x7abe0ce388281d2acf297cb089caef3819b13448,FTX US
0x53eb3ea47643e87e8f25dd997a37b3b5260e7336,CoinEx
0xb9ee1e551f538a464e8f8c41e9904498505b49b0,CoinEx
0x521db06bf657ed1d6c98553a70319a8ddbac75a3,CREX24
0x088ee5007c98a9677165d78dd2109ae4a3d04d0c,SushiSwap
0x2fdbadf3c4d5a8666bc06645b8358ab803996e28,Uniswap (V2）
0x00000000219ab540356cbb839cbe05303d7705fa,Beacon Deposit Contract
0xc02aaa39b223fe8d0a0e5c4f27ead9083c756cc2,Wrapped Ether
0x49048044d57e1c92a77f79988d21fa8faf74e97e,Base: Base Portal
0x40b38765696e3d5d8d9d834d8aad4bb6e418e489,Robinhood
0x8315177ab297ba92a06054ce80a67ed4dbd7ed3a,Arbitrum: Bridge
0x0e58e8993100f1cbe45376c410f97f4893d9bfcd,Upbit 41
0xbeb5fc579115071764c7423a4f12edde41f106ed,Optimism: Portal
0xe92d1a43df510f82c66382592a047d288f85226f,Bitfinex 19
0x3bfc20f0b9afcace800d73d2191166ff16540258,Polkadot: MultiSig
0x8103683202aa8da10536036edef04cdd865c225e,Bitfinex 20
0x2b6ed29a95753c3ad948348e3e7b1a251080ffb9,Rain Lohmus
0x220866b1a2219f40e72f5c628b65d54268ca3a9d,Vb 3
0x73af3bcf944a6559933396c1577b257e2054d935,Robinhood 6
0xde0b295669a9fd93d5f28d9ec85e40f4cb697bae,EthDev
0x94dbf04e273d87e6d9bed68c616f43bf86560c74,Kraken 75
0xd3a22590f8243f8e83ac230d1842c9af0404c4a1,Ceffu: Custody Hot Wallet 2
0x5b5b69f4e0add2df5d2176d7dbd20b4897bc7ec4,QuadrigaCX 4
0x835678a611b28684005a5e2233695fb6cbbb0007,Binance 70
0x8484ef722627bf18ca5ae6bcf031c23e6e922b30,Polygon (Matic): Ether Bridge
0x8696e84ab5e78983f2456bcb5c199eea9648c8c2,Coincheck Cold 2
0xa7c0d36c4698981fab42a7d8c783674c6fe2592d,Binance 74
0x109be9d7d5f64c8c391ced3a8f69bdef20fcaea9,Kraken 74
0xa160cdab225685da1d56aa342ad8841c3b53f291,Tornado.Cash: 100 ETH
0xd19d4b5d358258f05d7b411e21a1460d11b0876f,Linea: L1 Message Service
0x376c3e5547c68bc26240d8dcc6729fff665a4448,Iconomi: MultiSig 1
0xdf9eb223bafbe5c5271415c75aecd68c21fe3d7f,Liquity: Active Pool
0x3727cfcbd85390bb11b3ff421878123adb866be8,Bitbank 2
0xae0ee0a63a2ce6baeeffe56e7714fb4efe48d419,Starknet: StarkGate ETH Bridge
0xb3764761e297d6f121e79c32a65829cd1ddb4d32,Multisig Exploit Hacker
0xbf4ed7b27f1d666546e30d74d50d173d20bca754,WithdrawDAO
0x755cdba6ae4f479f7164792b318b2a06c759833b,ExtraBalDaoWithdraw
0x1e143b2588705dfea63a17f2032ca123df995ce0,QuadrigaCX 5
0x77b2043768d28e9c9ab44e1abfc95944bce57931,Stargate: Pool Native
0x3bc643a841915a267ee067b580bd802a66001c1d,BTC Markets 1
0x52e86988bd07447c596e9b0c7765f8500113104c,Mixin Network Exploiter 1
0x1342a001544b8b7ae4a5d374e33114c66d78bd5f,Gatecoin Hacker 2
0xd4914762f9bd566bd0882b71af5439c0476d2ff6,Gatecoin Hacker 1
0x5770815b0c2a09a43c9e5aecb7e2f3886075b605,SwissBorg 1
0xb10edd6fa6067dba8d4326f1c8f0d1c791594f13,Bitpanda 5
0x6e29f75b0350fd0e85ee34a21ef94767b0186996,Stake.com 3
0xac0f906e433d58fa868f936e8a43230473652885,StakeWise: Genesis Vault
0x6130611f7a65deb930bd0c0825af88078fcced43,Bitstamp 21
0x4ddc2d193948926d02f9b1fe9e1daa0718270ed5,Compound: cETH Token
0x9168765ee952de7c6f8fc6fad5ec209b960b7622,Manta Pacific:  Escrow for ETH
0xad10a0ec7a7fdd54b9d13fa8e2ee1d5f4e94627a,VanEck: ETHV Ethereum ETF
0x2efb50e952580f4ff32d8d2122853432bbf2e204,Robinhood 2
0x6774bcbd5cecef1336b5300fb5186a12ddd8b367,Scroll: L1 Scroll Messenger Proxy
0x04786aada9deea2150deab7b3b8911c309f5ed90,Gatecoin Hacker 4
0x46f34c24a7ba7a2ac6dd76c3f09b32d41c144d08,Galaxy Digital: 0x46f...d08
0xf197c6f2ac14d25ee2789a73e4847732c7f16bc9,Bitpanda 4
0x308861a430be4cce5502d0a12724771fc6daf216,ether.fi: Liquidity Pool
0xa6715eafe5d215b82cb9e90a9d6c8970a7c90033,Kraken 73
0x15abb66ba754f05cbc0165a64a11cded1543de48,Galaxy Digital: 0x15a...E48
0xd7e4b67e735733ac98a88f13d087d8aac670e644,Eclipse: L1 Deposit Contract
0x5f397b62502e255f68382791947d54c4b2d37f09,Deribit 8
0xebec795c9c8bbd61ffc14a6662944748f299cacf,Fee Recipient: 0xeBe...Acf
0x64192819ac13ef72bf6b5ae239ac672b43a9af08,Axie Infinity: Ronin Bridge V2
0x889edc2edab5f40e902b864ad4d7ade8e412f9b1,Lido: Withdrawal Queue
0x9b0c45d46d386cedd98873168c36efd0dcba8d46,Revolut 3
0xf4e11b89519eccd988a56749f1c64ad9bfe0298f,Prime Trust: Legacy MultiSig 1
0xb9711550ec6dc977f26b73809a2d6791c0f0e9c8,Cobo Custody 3
0xf584f8728b874a6a5c7a8d4d387c9aae9172d621,Jump Trading
0xdbf5e9c5206d0db70a90108bf936da60221dc080,Wintermute: 0xdbf...080
0xd01ae1a708614948b2b5e0b7ab5be6afa01325c7,QubitFin Exploiter
0x379825f8da776b573a63404a5c499c8a379a131f,Bitstamp 15
0xdc24316b9ae028f1497c275eb9192a3ea0f67022,Lido: Curve Liquidity Farming Pool Contract
0x3339aad5f1a0cc95d6dee6ddf10b444f080c7cb5,Bitwise: ETH Holding Address 3
0x6f28ebf3170aa00bfdf7131a4635a04976c657ed,Bitwise: ETH Holding Address 5
0x997114ca0830e9bee7443368fa27f4af2d4e55a6,Plus Token Ponzi 2
0xd664b74274dfeb538d9bac494f3a4760828b02b0,Dinero: Pirex ETH
0x7716d9e70779ee3d2580dcca818521a85e59eec8,Bitwise: ETH Holding Address 4
0xfcc8ad911976d752890f2140d9f4edd2c64a6e49,Infini Exploiter 2
0x5a16552f59ea34e44ec81e58b3817833e9fd5436,cVault Finance: Deployer
0x446b86a33e2a438f569b15855189e3da28d027ba,KuCoin 38
0x2a0c0dbecc7e4d658f48e01e3fa353f44050c208,IDEX
0xd616e186c4db1b46a47b5cbf368c331dd2fb709e,Grayscale: Ethereum Mini Trust 8
0x660b4f8b8ac68fd6f6e2caeb19bc5529d4c05bd4,Grayscale: Ethereum Mini Trust 15
0x78c42af600f67483474b1fec5681e9b6938b9b4b,Grayscale: Ethereum Mini Trust 5
0xc7cd9d874f93f2409f39a95987b3e3c738313925,Musiconomi: MultiSig
0x3d8fc1cffaa110f7a7f9f8bc237b73d54c4abf61,Uphold 2
0x29aa2a311c184df32d1d73d30eb3b54ff31583c8,Grayscale: Ethereum Mini Trust 2
0x5b4ccb047b982dc0eba47c5cf35f80a1aaa25544,Grayscale: Ethereum Mini Trust 16
0xcd531ae9efcce479654c4926dec5f6209531ca7b,Coinbase Prime
0xbd46378fab9c17f50fd45c14980155dba9c814c5,Grayscale: Ethereum Mini Trust 14
0xcf3dc64a2f99cd77148f0485a91933dadc4fab6c,Grayscale: Ethereum Mini Trust 6
0x0000000000a39bb272e79075ade125fd351887ac,Blur: Bidding
0x8d12a197cb00d4747a1fe03395095ce2a5cc6819,EtherDelta 2
0x03058fa830e90de326009eb1b6b793b60076d7dd,Grayscale: Ethereum Mini Trust 12
0x3707487518d9485a98f44d7b4b678daadb8360da,Grayscale: Ethereum Mini Trust 3
0xd3621b7ea5062dbcf6daa333c24c651894c5d2ea,MaiCoin: Deposit
0xaf64555ddd61fcf7d094824dd9b4ebea165afc5b,Copper 3
0xc7e9079f03a07d93e101cd4079b69283d9f47d29,Grayscale: Ethereum Mini Trust 18
0xee136c0389733849dd710ac7104e92c6bf497574,MEXC 4
0x1ad1eb01ac0409ddd3b3c17ce1d4c83f3236a3cb,Grayscale: Ethereum Mini Trust 4
0x9d8b6e761fdead614bd1fbbb9f03d558a526c676,Grayscale: Ethereum Mini Trust 7
0x327eb8aa24e09be3fb7af5844657870d513687c5,Grayscale: Ethereum Mini Trust 11
0xeaa76c2c18161a31487c6205eb85671d87d7a0cc,Grayscale: Ethereum Mini Trust 9
0x452962d1d9f7f0ded2e73e79c859d0140181a9f7,Grayscale: Ethereum Mini Trust 10
0x21316bbecd9ac31dabbff2a6a885dd232807dfe8,Grayscale: Ethereum Mini Trust 13
0x910cbd523d972eb0a6f4cae4618ad62622b39dbf,Tornado.Cash: 10 ETH
0x31c84a968736fcfe02a9ba274e0fa515a4a6659c,Bitstamp 13
0x0000000000000000000000000000000000000000,Null: 0x000...000
0xabea9132b05a70803a4e85094fd0e1800777fbef,zkSync
0x09f928cb05359507866b97451e71d55fbdb43a3c,Grayscale: Ethereum Mini Trust 17
0x1157a2076b9bb22a85cc2c162f20fab3898f4101,FalconX: 0x115...101
0x6778c14331251bbbee71414eda389dcef4bd81b8,Bitstamp 22
0xab3e9f1133c597f03768510e7e65004a04c9d427,Grayscale: Ethereum Mini Trust 1
0x6a164122d5cf7c840d26e829b46dcc4ed6c0ae48,CoinDash: Token Sale
0x03211daae0b65cf396945868d022bb77de22efa2,Grayscale: Ethereum Mini Trust 19
0x21818666ea7218fa2579146ccffb05c113fcd132,Franklin Templeton :  EZET Ethereum ETF
0x23ea10cc1e6ebdb499d24e45369a35f43627062f,Digix: DGD ETH Refund
0x000000000000000000000000000000000000dead,Null: 0x00...dEaD
0xc1ebd02f738644983b6c4b2d440b8e77dde276bd,Arbitrum Nova: Bridge
0x595063172c85b1e8ac2fe74fcb6b7dc26844cc2d,Paribu 6
0x0c295c085cae9c6278df49477d29f71d78c5490d,Sparkster: Wallet
0xab09b0c5c112999bee4f45e323c4ad2b59638603,Bitstamp 32
0xa40dfee99e1c85dc97fdc594b16a460717838703,Kraken: Eth2 Depositor
0xa646e29877d52b9e2de457eca09c724ff16d0a2b,Status: Research & Development MultiSig
0x21346283a31a5ad10fa64377e77a8900ac12d469,iEXEC: MultiSig
0xc3edbb9c181016cef5d76491f835930e9c8c4d2c,MaskEX 16
0x4adf44961a7cbe8ee46b2bf04e7198e879677825,Galaxy Digital: 0x4AD...825
0x182e1259ef6ee45dc811132ef4ba5871f1536822,Bitstamp 12
0xed9258097cc80e1e6ebf2c9b132eb135c81bb4ef,Bitwise: ETH Holding Address 2
0x52aa899454998be5b000ad077a46bbe360f4e497,Fluid: Liquidity
0x8ce13c17b9c9cae9193538dc2a64ca7be07e2c00,Mercado Bitcoin: Cold 1
0x0ce92d3a15908b53371ff1afcae800f28142250c,MaskEX 20
0x764c64b2a09b09acb100b80d8c505aa6a0302ef2,Truebit Protocol: Purchase
0x7da82c7ab4771ff031b66538d2fb9b0b047f6cf9,Golem: Multisig
0xef0683bef79b7ad85573415c781edfde8bec65b1,Fake_Phishing201322
0x5d66c1782664115999c47c9fa5cd031f495d3e4f,Ink: Optimism Portal
0x378cdc4e9e9bccd7aeda011888ecf6a8528271fb,Fee Recipient: 0x37...1FB
0x7047e704228cef3cff0295ca09da1b5bab3d7402,Grayscale: Ethereum Trust 18
0x905315602ed9a854e325f692ff82f58799beab57,Alpha Homora V2 Exploiter
0x009b60aab8e64c8f5fe449bd96fa78b1a7fffcc5,Orbit Bridge Exploiter 4
0x6fc48de8f167456b7aa27dd4ecfabba329ea623d,Bithumb 13
0x4de76b3dfd38292ba71cf2465ca3a1d526dcb567,Fake_Phishing201323
0x000000000004444c5dc75cb358380d2e3de08a90,Uniswap V4: Pool Manager
0x2a3dd3eb832af982ec71669e178424b10dca2ede,Polygon (Matic): zkEVM Bridge
0xe66baa0b612003af308d78f066bbdb9a5e00ff6c,Coinhako: Warm Wallet
0xfe80804d2e3ab78a13ce90f45b2803cf9bbd1f51,Remitano 3
0x974caa59e49682cda0ad2bbe82983419a2ecc400,Stake.com
0x98b0811e2cc7530380caf1a17440b18f71f51f4e,Fake_Phishing532118
0x429c8344c9b911e9a0a6e6ce257b28250bd3a90a,Bittrex  : Cold Wallet
0x6081258689a75d253d87ce902a8de3887239fe80,Robinhood 3
0x5be9a4959308a0d0c7bc0870e319314d8d957dbb,World Liberty: Multisig
0x38fdf7b489316e03ed8754ad339cb5c4483fdcf9,Mantle: Unstake Requests Manager
0x3e5dcce17765928400ee4a4b8905e1dd9f42a00f,Savedroid: Wallet
0xe74b28c2eae8679e3ccc3a94d5d0de83ccb84705,Wintermute Exploiter
0xc234e41ae2cb00311956aa7109fc801ae8c80941,Arbitrum: Multisig
0x03e4b00b607d0980668ca6e50201576b00000000,imbrex: Wallet
0xb47e3cd837ddf8e4c57f05d70ab865de6e193bbb,CryptoPunks:  ? Token
0xae5dde433888a7456c3e0aecbb2e0a5748cbc1eb,OKX Dep: 0xae5Dde433888A7456C3e0AecBb2e0A5748cbC1Eb
0xaeb0c00d0125a8a788956ade4f4f12ead9f65ddf,Fuel: Bridge 2
0xf5c9f957705bea56a7e806943f98f7777b995826,Sorare: L2 Bridge
0x1a0ad011913a150f69f6a19df447a0cfd9551054,Zora: Bridge
0xe887312c0595a10ac88e32ebb8e9f660ad9ab7f7,Fee Recipient: 0xE88...7F7
0x1bae874af9f81b8f93315b27f080260da4702d3a,Deribit 14
0x6a14e385fff2f21abe425a07ce29842b7037a80d,Fake_Phishing201327
0x674bdf20a0f284d710bc40872100128e2d66bd3f,Loopring: Exchange v2 Deposit
0xd60247c6848b7ca29eddf63aa924e53db6ddd8ec,Taiko: Bridge
0x59abf3837fa962d6853b4cc0a19513aa031fd32b,FTX Accounts Drainer
0x5fdcca53617f4d2b9134b29090c87d01058e27e9,Immutable X: Bridge
0xcbd6832ebc203e49e2b771897067fce3c58575ac,Rollbit: Hot Wallet
0x0bb298be4c2656391d961bbe3248ddfc6e77746d,Fake_Phishing7196
0x07e06ba1150946cdf00b9f20e2e52568150e62a2,Grayscale: Ethereum Trust 1
0x50443c8f7e4f32f9aeb67a74cd2e2f0354ccd25d,Fake_Phishing183874
0xd569d3cce55b71a8a3f3c418c329a66e5f714431,Juicebox: Terminal V1
0xd9a442856c234a39a81a089c06451ebaa4306a72,Puffer Finance: pufETH Token
0x35d2d03607b9155b42cf673102fe58251ac4f644,Phemex 3
0x9fc3dc011b461664c835f2527fffb1169b3c213e,EF: DeFi Multisig
0xb66410ae75317faf13dba869b6df7b30892d1e46,Bitstamp 34
0x3980c9ed79d2c191a89e02fa3529c60ed6e9c04b,Metis Andromeda: Bridge
0x1ab4973a48dc892cd9971ece8e01dcc7688f8f23,Bitget 6
0x8e04af7f7c76daa9ab429b1340e0327b5b835748,Fund: 0x8e0...748
0x1819ede3b8411ebc613f3603813bf42ae09ba5a5,Bitrue Drainer
0x367c42a6f261ec54ffbecf5f41c226be12a3dca0,Bullish 1
0xba20996529d2722c4d9d800a7b20e96a0a235336,Netcoins: MultiSig 1
0x0632dcc37b1fabf2cad20538a5390d23c830962e,Request Network: Team Wallet
0x8b34b14c7c7123459cf3076b8cb929be097d0c07,Mode: Optimism Portal Proxy
0xe688b84b23f322a994a53dbf8e15fa82cdb71127,Fee Recipient: 0xe68...127
0x589257e07e11e761f31956d54b2323f63ee36b7d,Fake_Phishing270350
0x98078db053902644191f93988341e31289e1c8fe,Blast: ETH Yield Manager Proxy
0xf35a6bd6e0459a4b53a27862c51a2a7292b383d1,Coinspot
0xa86e3d1c80a750a310b484fb9bdc470753a7506f,Arthur Hayes 2
0xcf5ea1b38380f6af39068375516daf40ed70d299,Stader Labs: Staking Pool Manager
0x6dd5a9f47cfbc44c04a0a4452f0ba792ebfbcc9a,Santiment: Wallet 2
0xae7ab96520de3a18e5e111b5eaab095312d7fe84,Lido: stETH Token
0xceb69f6342ece283b2f5c9088ff249b5d0ae66ea,Coinbase Prime 2
0x556ecbb0311d350491ba0ec7e019c354d7723ce0,API3: Secondary Treasury Agent
0xd0c6f16cc58f1b23c51d1529b95fec2740218f0a,Liquid 6
0x3ee4361b72c7ecac056f2dfb32449b142d937675,Fee Recipient: 0x3E...675
0x5daea26517788b1c0ddb0200c6fa6d8248076143,Censored: Clock Multisig
0x33a64dcdfa041befebc9161a3e0c6180cd94fa89,CoinSpot 4
0xef8801eaf234ff82801821ffe2d78d60a0237f97,Rollbit: ERC-20 Hot Wallet
0xedc6bacdc1e29d7c5fa6f6eca6fdd447b9c487c9,Bitvavo: Cold 1
0xa01aa2196724a39290f465b3925e5dcafe7f2256,Bitso 4
0xb59a226a2b8a2f2b0512baa35cc348b6b213b671,MEV Bot: 0xb59...671
0xb8901acb165ed027e32754e0ffe830802919727f,Hop Protocol: Ethereum Bridge
0xfa9f7a1cbfbcb688729c522b4f0905ccf4d26d25,LBank: Hot Wallet 7
0x7846b30044e6ecbbc1b16ecd9e04e78b9e5d3c48,Staked.us: Eth2 Depositor 6
0xecf8f87f810ecf450940c9f60066b4a7a501d6a7,WETH: Old Contract
0x72e2f4830b9e45d52f80ac08cb2bec0fef72ed9c,Stargate Finance: SGETH Token
0xf5f5b97624542d72a9e06f04804bf81baa15e2b4,Curve.fi: crvUSDTWBTCWETH Token
0x649765821d9f64198c905ec0b2b037a4a52bc373,Bancor: Master Vault V3
0xb23360ccdd9ed1b15d45e5d3824bb409c8d7c460,Revolut 1
0x6d903f6003cca6255d85cca4d3b5e5146dc33925,Compound: Timelock
0xee9fb7a615cb76b46d26be6ebc9114a627a81c5b,Bitstamp 17
0x47ce0c6ed5b0ce3d3a51fdb1c52dc66a7c3c2936,Tornado.Cash: 1 ETH
0x264bd8291fae1d75db2c5f573b07faa6715997b5,Paxos 4
0x0b0f7ebf967146566799229394171fc47f1a765a,Bitstamp 7
0x956a04125663230c78cf960e0dfd947e30647946,Fake_Phishing7905
0xf326e4de8f66a0bdc0970b79e0924e33c79f1915,MetaMask: DS Proxy
0xe94f1fa4f27d9d288ffea234bb62e1fbc086ca0c,Fee Recipient: 0xE94...A0c
0x2d81713c58452c92c19b2917e1c770eecf53fe41,The LAO: Multisig
0x45300136662dd4e58fc0df61e6290dffd992b785,KuCoin 17
0xd9b78d8346fa9b8235a5b1df0f08f66358d557bc,Fake_Phishing323043
0xab7bb7959332888e44d795c6f28ee876a8469eaa,Bitstamp 33
0xdead000000000000000042069420694206942069,Null: 0xdea...069
0x6ca33486eed915816560630b883a047c4e2b92df,Fake: Metadium Presale
0x080b3a41390b357ad7e8097644d1dedf57ad3375,Liquid Collective: Redeem Manager
0x63dfe4e34a3bfc00eb0220786238a7c6cef8ffc4,Woo X 2
0x187c0e0aa33282096b39a33457939f1dc3ea8e0f,CoinList 4
0x8306300ffd616049fd7e4b0354a64da835c1a81c,Frax Finance: Frx ETH Multisig
0x17bfafa932d2e23bd9b909fd5b4d2e2a27043fb1,Zircuit :  Optimism Portal Proxy
0xb3775fb83f7d12a36e0475abdd1fca35c091efbe,PowH3D
0xafedf06777839d59eed3163cc3e0a5057b514399,CoinEx: Cold
0x3d32e8b97ed5881324241cf03b2da5e2ebce5521,Liquity: Coll Surplus Pool
0xfe89cc7abb2c4183683ab71653c4cdc9b02d44b7,ENS: DAO Wallet
0x18d080b89570e4b996eb17fa1f0206f0ce35d604,Ourbit 2
0x34cb778ea0b3e386a16616ec643f06e900bdea26,Fee Recipient: 0x34...a26
0x41e29c02713929f800419abe5770faa8a5b4dadc,KuCoin 16
0x77021d475e36b3ab1921a0e3a8380f069d3263de,Deribit 9
0xa4e19aac136f76214b01e9ae4076fb05367726be,Fee Recipient: 0xA4...6BE
0xdc3ce895714844b4775b6d06f0dae513542cee10,OKX 77
0xdd2a08a1c1a28c1a571e098914ca10f2877d9c97,Loopring:  Proxy Admin
0x86e284421664840cb65c5b918da59c01ed8fa666,GMO Coin 3
0xd8de42401a1e63e52b92523e222a15913aa05031,Hacker: 0xD8D...031
0xe978d95b437d75826aba2ed1a0bdb534f173e28c,GMO Coin 10
0x9642b23ed1e01df1092b92641051881a322f5d4e,MEXC 16
0xf1556137e7f45817e774096c5922f32c68ab15ae,BlockFi 7
0x16905697103cd4ad6a22193b242941b62f660bbc,BitoPro 2
0xd5ec14a83b7d95be1e2ac12523e2dee12cbeea6c,World Chain: Optimism Portal Proxy
0xb8001c3ec9aa1985f6c747e25c28324e4a361ec1,Cobo: Custody
0xaecfb1af29b96011ec9aa1ff98d8c49b49bb3ddc,BTC Markets: MultiSig 1
0x58b704065b7aff3ed351052f8560019e05925023,Bitso 1
0x100ae042ef0ea159ecc3513e9a378ff21f3829ba,Bullish 2
0xc44b7316936e2f004e688fd53a95e060df1811c3,Revolut 2
0xb8ba36e591facee901ffd3d5d82df491551ad7ef,Mercado Bitcoin 1
0x9ffdf407cde9a93c47611799da23924af3ef764f,ether.fi: Vampire
0x7b4576d06d0ce1f83f9a9b76bf8077bffd34fcb1,Bitcoin Suisse 1
0xd8d6ffe342210057bf4dcc31da28d006f253cef0,GSR: 0xD8D...EF0
0xd52055a39a3d2f7505c739f981f296ea31b50191,Anchorage Digital: Custodian 1
0x781229c7a798c33ec788520a6bbe12a79ed657fc,Zonda 2
0x6162759edad730152f0df8115c698a42e666157f,FeiProtocol-Fuse Exploiter
0x25941dc771bb64514fc8abbce970307fb9d477e9,Protocol Guild: Donate
0xaf1931c20ee0c11bea17a41bfbbad299b2763bc0,Luno 1
0xc22fae86443aeed038a4ed887bba8f5035fd12f0,Premia: Multisig
0x21d7d256be564191a43553e574c06a4d0e629767,Fake_Phishing532117
0x3dfd23a6c5e8bbcfc9581d2e864a68feb6a076d3,Aave: Lending Pool Core V1
0xf7c8da79da4cb294c4f55dfebb1b404e3e38d921,Revolut: Hot Wallet
0x51a1449b3b6d635eddec781cd47a99221712de97,Fee Recipient: 0x51...e97
0xd1669ac6044269b59fa12c5822439f609ca54f41,CoinList 1
0x95e525f434315eab8268fdc0cfd0555eb87a48cc,Fake_Phishing4287
0x19184ab45c40c2920b0e0e31413b9434abd243ed,Coinspot 2
0xde21f729137c5af1b01d73af1dc21effa2b8a0d6,Gitcoin: MultiSig
0xffee087852cb4898e6c3532e776e68bc68b1143b,stakefish: Fee Recipient
0x9fb538820d4fde2fcc509dc01ae73a192f36cfcc,Crypto.com 7
0x9f0491b32dbce587c50c4c43ab303b06478193a7,Stader Labs:  User Withdraw Manager
0x0708f87a089a91c65d48721aa941084648562287,Miner: 0x070...287
0xe3cbd06d7dadb3f4e6557bab7edd924cd1489e8f,Mantle: LSP Staking
0x70a0a7be87deb51e1fab16d4f2bf00be1510e476,Golem: Foundation Wallet
0xe331821bc94187c2649e932810a60204699d45cb,Bancor: Converter 739
0x4d7f1790644af787933c9ff0e2cff9a9b4299abb,Nexo 48
0x148426fdc4c8a51b96b4bed827907b5fa6491ad0,bZx Exploiter 1
0x052ed0ad68ffc470386fdab82f7046e0b55fd663,NBX 4
0xf19308f923582a6f7c465e5ce7a9dc1bec6665b1,TitanX: TITANX Token
0x737901bea3eeb88459df9ef1be8ff3ae1b42a2ba,Aztec: Private Rollup Bridge
0xfd6724b4b3e8eca764f0dd07ccd903ad348d70f8,ZB.com 3
0xa62142888aba8370742be823c1782d17a0389da1,Fomo3D: Long
0xa26e73c8e9507d50bf808b7a2ca9d5de4fcc4a04,Robinhood 4
0xb919a54f934c4e49b8c9a82fced33c218d29727d,Fake_Phishing269879
0xb9d7934878b5fb9610b3fe8a5e441e8fad7e293f,Lido: Withdrawal Vault
0x42a93a9f5cfda54716c414b6eaf07cf512f46ead,Fee Recipient: 0x42A...eAD
0xad6eaa735d9df3d7696fd03984379dae02ed8862,Cumberland: 0xad6...862
0x66017d22b0f8556afdd19fc67041899eb65a21bb,Liquity: Stability Pool
0x264786ef916af64a1db19f513f24a3681734ce92,Fluid: Reserve Contract Proxy
0x7dbb4bdcfe614398d1a68ecc219f15280d0959e0,Shakepay 8
0x54d7ae423edb07282645e740c046b9373970a168,DeGate: DepositContractProxy
0xf894fea045eccb2927e2e0cb15c12debee9f2be8,PleasrDAO: Treasury
0x2345804130f13a04c95b3838f31564992aa1885d,OKX Dep: 0x2345804130f13A04C95B3838f31564992AA1885D
0x9aa65464b4cfbe3dc2bdb3df412aee2b3de86687,Blockchain.com 6
0x014435b1e39945cf4f5f0c3cbb5833195a95cc9b,Duelbits
0x05cdb1526f6e224e02919a4c018d9784ea25eb3d,VALR: Hot Wallet
0x463e5b673d1029989c9b059d36393c539bef9094,Nexo 52
0x9fa8fa61a10ff892e4ebceb7f4e0fc684c2ce0a9,hongcoin
0xd49417f37ced33aba35ddabf208d5bfcd87b4ebe,Flipster 1
0x62de59c08eb5dae4b7e6f7a8cad3006d6965ec16,Kelp DAO: Withdrawal
0x84cb7cd669de9c05679286be4cafa841bce89f4b,Hacker: 0x84c...f4b
0x4fef9d741011476750a243ac70b9789a63dd47df,MetaMask: Pooled Staking
0xeb6c4be4b92a52e969f4bf405025d997703d5383,Bitbank 3
0x4621e0cd8c91ecf1b0efcbf07f0838a5ee25c5dd,Shido Exploiter 2
0x51c2cef9efa48e08557a361b52db34061c025a1b,JPEGd: Multisig
0xf06016d822943c42e3cb7fc3a6a3b1889c1045f8,Liquity: Bounties
0x404460039499c774c48248552f802ce5dd482e32,Netcoins 1
0xff1f2b4adb9df6fc8eafecdcbf96a2b351680455,Aztec: Connect
0xa684e47a0906f320960fa0487ace021535ad0e54,Fee Recipient: 0xa68...E54
0xe1e5f8cacc6b9ace0894fe7ba467328587e60be7,BitVenus 8
0x9b984d5a03980d8dc0a24506c968465424c81dbe,Prysmatic Labs: MultiSig
0xba1951df0c0a52af23857c5ab48b4c43a57e7ed1,Fee Recipient: 0xba1...ed1
0x39f6a6c85d39d5abad8a398310c52e7c374f2ba3,WhiteBIT
0x0f564a2a5fde73349890e86e9b2aa1639994bf2f,Storj: MultiSig 1
0x9a2d163ab40f88c625fd475e807bbc3556566f80,SingularX
0xa1feaf41d843d53d0f6bed86a8cf592ce21c409e,SharedStake: Deployer 1
0x2f74fbc8de432d0d2882fec43ed0e885e870d0d3,Staked.us: Eth2 Depositor 24
0x083d7668e578f3938f84d9a2b75a5292d9873ca8,Independent Reserve: Hot Wallet 3
0xd5524179cb7ae012f5b642c1d6d700bbaa76b96b,Augur: Delegator
0x849d52316331967b6ff1198e5e32a0eb168d039d,Gnosis: Active Treasury Management
0xe5a04d98538231b0fab9aba60cd73ce4ff3039df,EtherFlip
0xfb8131c260749c7835a08ccbdb64728de432858e,BitMEX 2
0x241e82c79452f51fbfc89fac6d912e021db1a3b7,DDEX: Margin
0xffe15ff598e719d29dfe5e1d60be1a5521a779ae,HashKey 2
0x7ee7ca6e75de79e618e88bdf80d0b1db136b22d0,Switcheo Exchange V2
0xda4a4626d3e16e094de3225a751aab7128e96526,TheDaoCurator
0xe96e2181f6166a37ea4c04f6e6e2bd672d72acc1,WikiLeaks: Donate
0xbee9cf658702527b0acb2719c1faa29edc006a92,Strike ETH: sETH Token
0x961a19d16db31add5e257bc3d73b403ee0d3680e,Radiant Capital Exploiter 4
0x31f648572b67e60ec6eb8e197e1848cc5f5558de,Kroma: Portal
0x477b8d5ef7c2c42db84deb555419cd817c336b6f,MaiCoin 1
0xe3031c1bfaa7825813c562cbdcc69d96fcad2087,Gopax:  WBTC Merchant Deposit Address
0x4648451b5f87ff8f0f7d622bd40574bb97e25980,TradeOgre 1
0xed6e0a7e4ac94d976eebfb82ccf777a3c6bad921,OFAC Blocked: 0xeD6...921
0x220a9f0dd581cbc58fcfb907de0454cbf3777f76,MCDEX: ETH Perpetual
0xf5e10380213880111522dd0efd3dbb45b9f62bcc,Chainflip 1
0xa96853390c776ce8307b46b4d1a857ab310ab018,Bullish: MultiSig 1
0x2982bb64bcd07ac3315c32cb2bb7e5e8a2de7d67,BitMart 16
0x3dabf5e36df28f6064a7c5638d0c4e01539e35f1,Orion Protocol Exploiter
0xbde173c4c2249d3a98cd6ed844a4421728114f5a,Fake_Phishing384914
0x68a99f89e475a078645f4bac491360afe255dff1,India Covid-Crypto Relief Fund
0x19b3eb3af5d93b77a5619b047de0eed7115a19e7,SushiSwap: Operation Multisig
0xdfaa75323fb721e5f29d43859390f62cc4b600b8,Shuffle.com
0x80787af194c33b74a811f5e5c549316269d7ee1a,HitBTC: Hot Wallet 4
0xcde4c1b984f3f02f997ecff9980b06316de2577d,SwissBorg 6
0x7623e9dc0da6ff821ddb9ebaba794054e078f8c4,Ether.fi: Early Adopter Program
0x1ce7ae555139c5ef5a57cc8d814a867ee6ee33d8,Token.Store
0xa2e3356610840701bdf5611a53974510ae27e2e1,Binance: wBETH Token
0xd69b0089d9ca950640f5dc9931a41a5965f00303,Gemini 7
0x42d17b7f3532ec2f7c4e4e5e239baa476846e2cd,Kanga Exchange 1
0x0077732907bfc6208933cfd2a51afb8f33ca5958,Fee Recipient: 0x0077...958
0x3ec49e613ae70beb0631d7666f46d4ff2813932e,Bake.io: Fee Recipient
0xe28e72fcf78647adce1f1252f240bbfaebd63bcc,Augur: Token Sale
0x2f777e9f26aa138ed21c404079e80656b448c711,Fee Recipient: 0x2f...711
0xcfbbf8dc80bb324d2f8634cc73d6e8f6784d3230,Bitkan 2
0x4e5b2e1dc63f6b91cb6cd759936495434c7e972f,FixedFloat 1
0x1f3d3a8d36fcd52c841aa1c3c1af81757b9ad4df,Scroll: Fundraise
0x5797f722b1fee36e3d2c3481d938d1372bcd99a7,Galaxy Digital: 0x579…9a7
0x9c19b0497997fe9e75862688a295168070456951,Coincheck
0x89214c8ca9a49e60a3bfa8e00544f384c93719b1,Decentraland: DAO Community
0xdb044b8298e04d442fdbe5ce01b8cc8f77130e33,Bitkub: Hot Wallet 1
0x0000ba9ff5c97f33bd62c216a56b3d02ae6ac4bb,0x0: Deployer
0xa1b1bbb8070df2450810b8eb2425d543cfcef79b,BackAndAlive Donation Wallet
0x6c3197c9f3954b682b0e64b520e6da5fe74fcf8b,BlackFort Genesis Knights: BXKNIGHTS Token
0x787b8840100d9baadd7463f4a73b5ba73b00c6ca,Stake.com 11
0x1c727a55ea3c11b0ab7d3a361fe0f3c47ce6de5d,Uphold
0x35bb964878d7b6ddfa69cf0b97ee63fa3c9d9b49,Botto: Treasury
0xc7bcb0e8839a28a1cfadd1cf716de9016cda51ae,Redstone: Optimism Portal
0x2ed6c4b5da6378c7897ac67ba9e43102feb694ee,0xSplits: Split Main
0x5050f69a9786f081509234f1a7f4684b5e5b76c9,Base: Batch Sender
